escaped_text	token_ids
hello	556,284,111
hello jade	556,284,344,106,388,101
my name is	472,110,606,291
what is a computer	635,885,811,117,357
what is java	635,310,106,680,97
the sky is blue	466,115,107,270,310,592,117,101
once upon a time	265,372,486,265,307,415,101
Hello, world!	72,101,284,111,267,508,108,100,33
Numbers: 12, 2026; 3.14.	78,458,98,261,115,708,49,50,267,50,48,50,54,421,51,46,49,52,46
don't stop	752,39,263,115,278,112
first line\nsecond line	742,720,354,312,326,264,720,101
café naïve	498,102,195,169,32,110,97,195,175,118,101
