partition	prefix	loss_before	loss_after	generation_before	generation_after
train	"_The Bingleys and the Gardiners and the Lucases, Miss Darcy and Miss de Bourgh, "	7.099735100311967	6.759184055965459	"hadmy one my ated one ce\u{fffd}ceess\u{fffd};"	"y ine\u{000a}\u{000a}\u{000a}\u{000a}\u{000a}\u{000a}\u{000a}\u{000a}\u{000a}"
train	"When we look to the individuals of the same variety or sub-variety of our older "	6.9922433187502	5.6963815906903825	"tooAlice ive \u{fffd}; li4ustopentagntiv"	"ines\u{000a}\u{000a}\u{201c}\u{000a}\u{000a}\u{000a}\u{000a}\u{000a}\u{000a}"
train	"Begin with a question that has a measurable answer. Instead of writing that a pr"	7.010441464493612	5.630038960936441	";my 9 s sfor the agnghfor the ed\u{000a}\u{0011}e of "	"my my inesmy init\u{000a}\u{000a}"
validation	"It was close upon four before the door opened, and a drunken-looking groom, ill-"	6.966602375149493	5.620777020649423	"beence  scouncouncouncouncouncountoocouncoun"	"me\u{000a}\u{000a}\u{000a}\u{000a}\u{000a}\u{000a}\u{000a}\u{000a}\u{000a}\u{000a}"
validation	"\u{201c}It\u{2019}s quite too funny. I am sure you could never guess how I employed my morning"	6.967462854936447	5.99226326847474	"my my \u{fffd}my \u{fffd}my \u{fffd}my -my my gen"	"\u{000a}\u{000a}\u{000a}\u{000a}\u{000a}\u{000a}\u{000a}\u{000a}\u{000a}\u{000a}\u{000a}\u{000a}"
validation	"\u{201c}Quite so; but the sequel was rather unusual. I will tell you, however. I left t"	6.9876953305224285	6.443080114799821	"my my could my could my my my could my my my "	"\u{000a}\u{000a}\u{000a}\u{000a}\u{000a}\u{000a}\u{000a}\u{000a}\u{000a}\u{000a}\u{000a}\u{000a}"
test	"\u{201c}It seems a pity to let the dinner spoil,\u{201d} said the Editor of a well-known daily"	6.989219286669067	5.805350494941469	"\u{fffd} s scounmy  smy my my  smy my "	"mes\u{000a}\u{000a}\u{000a}\u{000a}\u{000a}\u{000a}\u{000a}\u{000a}\u{000a}\u{000a}"
test	"He was in an amazing plight. His coat was dusty and dirty, and smeared with gree"	6.899508604220613	5.9272963077624885	"selcould princ and enc,\u{fffd}_\u{000a}enc\u{fffd},\u{fffd}"	"\u{000a}\u{000a}\u{000a}\u{000a}\u{000a}\u{000a}\u{000a}\u{000a}\u{000a}\u{000a}\u{000a}\u{000a}"
test	"He looked across at the Editor, who was a rare visitor, and hoped he was all rig"	6.870949671850991	5.669449002676364	"1my y, om catcause _\u{000a}its _\u{000a}encowcondition"	"ines\u{000a}\u{000a}\u{000a}\u{000a}\u{000a}\u{000a}\u{000a}\u{000a}\u{000a}\u{000a}"
out-of-corpus	"A patient astronomer checks the lens before measuring a distant star."	6.930786979178535	5.592189098826199	"my \u{fffd}my gobe\u{000a}my my my my my my my "	"y ine\u{000a}\u{000a}\u{000a}\u{000a}\u{000a}\u{000a}\u{000a}\u{000a}\u{000a}"
out-of-corpus	"The bus arrived late because a fallen branch blocked the hill road."	6.903237577591188	5.746305351666091	"condition all come less conditionatcondition\u{fffd}conditionbut apcome "	"s\u{000a}\u{000a}\u{000a}\u{000a}\u{000a}\u{000a}\u{000a}\u{000a}\u{000a}\u{000a}\u{000a}"
out-of-corpus	"If a sensor disagrees with a reference, record both values before adjusting it."	6.924050844382434	5.7002584246707295	"councouny, nicop_.\u{000a}_.\u{000a}counachengenin the "	"\u{000a}\u{000a}\u{000a}\u{000a}\u{000a}\u{000a}\u{000a}\u{000a}\u{000a}\u{000a}\u{000a}\u{000a}"
