step	positions	rolling_loss	elapsed_seconds	interval_positions_per_second	used_heap	max_heap
50	3200	6.533585560427	24.469919	130.772807	997439296	1610612736
100	6400	6.365297571968	48.013274	135.919456	907018240	1610612736
150	9600	6.364461899415	70.868816	140.009808	905445376	1610612736
200	12800	6.247138971359	93.906712	138.901571	913309696	1610612736
250	16000	6.255695131282	116.655447	140.667164	911212544	1610612736
300	19200	6.228341646672	139.813744	138.179417	916455424	1610612736
350	22400	6.242637740105	162.989890	138.072998	910688256	1610612736
400	25600	6.156499279829	185.883299	139.778223	924844032	1610612736
450	28800	6.226954395550	208.953237	138.708654	901775360	1610612736
500	32000	6.220971850205	231.892916	139.496282	896008192	1610612736
550	35200	6.208438407224	254.782158	139.803670	916455424	1610612736
600	38400	6.168592277973	277.640898	139.990217	908066816	1610612736
650	41600	6.228224369440	300.547095	139.700188	903872512	1610612736
700	44800	6.224545398336	323.433048	139.823762	927989760	1610612736
750	48000	6.132476634131	346.369844	139.513821	916455424	1610612736
800	51200	6.174617708723	369.291372	139.606748	921698304	1610612736
850	54400	6.137265565713	392.210934	139.618724	922222592	1610612736
900	57600	6.130147413743	415.205248	139.164841	886046720	1610612736
950	60800	6.135598828522	438.346554	138.280872	924319744	1610612736
1000	64000	6.122031494430	461.121145	140.507464	912261120	1610612736
1050	67200	6.057327194973	484.045424	139.589992	914882560	1610612736
1100	70400	6.060553588417	507.205701	138.167607	906493952	1610612736
1150	73600	6.067802893405	530.224544	139.016541	874512384	1610612736
1200	76800	5.977324113189	552.982963	140.607311	928514048	1610612736
1250	80000	5.994803411937	575.686217	140.948955	896008192	1610612736
1300	83200	5.926775817192	598.372296	141.055665	929038336	1610612736
1350	86400	5.930803207717	621.210601	140.115481	929038336	1610612736
1400	89600	5.863749875967	644.123493	139.659363	942145536	1610612736
1445	92480	5.868017765078	665.025757	137.784121	919601152	1610612736
