path	category	provenance	source	author_death	source_sha256	extraction
01-austen.txt	dialogue/social narrative	public-domain historical English excerpt	https://www.gutenberg.org/cache/epub/1342/pg1342.txt	Jane Austen (1817)	3f6bb9d6f78e0293b56acd4714dd68cb7d6d1d293402031ce9d5a216bcaf9d75	interior paragraphs after character 20000; <=30720 UTF-8 bytes; no Gutenberg boilerplate
02-darwin.txt	scientific explanation/cause and effect	public-domain historical English excerpt	https://www.gutenberg.org/cache/epub/1228/pg1228.txt	Charles Darwin (1882)	ededa9c0bf8761efed092c303b46c1c92de956838cba6249a33bedfd6d7363b4	interior paragraphs after character 20000; <=30720 UTF-8 bytes; no Gutenberg boilerplate
03-franklin.txt	autobiography/practical reasoning	public-domain historical English excerpt	https://www.gutenberg.org/cache/epub/148/pg148.txt	Benjamin Franklin (1790); editor C. W. Eliot (1926)	32b5b6ba76ad51ec1f5630836a5da2f733e893d885772f846bd62f2111ec6eae	interior paragraphs after character 20000; <=30720 UTF-8 bytes; no Gutenberg boilerplate
04-thoreau.txt	descriptive/philosophical prose	public-domain historical English excerpt	https://www.gutenberg.org/cache/epub/205/pg205.txt	Henry David Thoreau (1862)	2d9a76a2e3e8195c69430516ebd33c4d0757a53ad432ff6186b7b794e6fe99f9	interior paragraphs after character 20000; <=30720 UTF-8 bytes; no Gutenberg boilerplate
05-carroll.txt	dialogue/questions/fantasy	public-domain historical English excerpt	https://www.gutenberg.org/cache/epub/11/pg11.txt	Lewis Carroll (1898)	01b38ea4c710a84bc18d0bd41271a5a1a92b94e97b2812f4dece97d4a694725e	interior paragraphs after character 20000; <=30720 UTF-8 bytes; no Gutenberg boilerplate
06-machiavelli.txt	comparison/argument/explanation	public-domain historical English excerpt	https://www.gutenberg.org/cache/epub/1232/pg1232.txt	Niccolo Machiavelli (1527); translator W. K. Marriott (1945)	33496a305f7a4b933784fb5aec95f920fbc3d4687794817e4cc444aa6578d2e4	interior paragraphs after character 20000; <=30720 UTF-8 bytes; no Gutenberg boilerplate; removed pre-dedication editorial front matter, Latin quotation and Italian bibliography for English-only corpus
07-douglass.txt	historical narrative/factual prose	public-domain historical English excerpt	https://www.gutenberg.org/cache/epub/23/pg23.txt	Frederick Douglass (1895)	234c15348a66919bad1d534cdd48ee8ddf91f50115a706cbefaa8edd049672fd	interior paragraphs after character 20000; <=30720 UTF-8 bytes; no Gutenberg boilerplate
08-melville.txt	descriptive narrative/definitions	public-domain historical English excerpt	https://www.gutenberg.org/cache/epub/2701/pg2701.txt	Herman Melville (1891)	907420db6c4b68c70e2988cd2ad9c8cf79138667a01b63376d18dd17fef1a18b	interior paragraphs after character 20000; <=30720 UTF-8 bytes; no Gutenberg boilerplate
10-doyle.txt	validation: independent detective dialogue	public-domain historical English excerpt	https://www.gutenberg.org/cache/epub/1661/pg1661.txt	Arthur Conan Doyle (1930)	922e2a12ccb43a4c9544c260b2166c6ad2097aeb5957faeee113f173bb857cd0	interior paragraphs after character 20000; <=30720 UTF-8 bytes; no Gutenberg boilerplate
11-wells.txt	test: independent speculative explanation	public-domain historical English excerpt	https://www.gutenberg.org/cache/epub/35/pg35.txt	H. G. Wells (1946)	2892e919000e17c83e1dac51b30f4675db50536b644d7579fe8a89bb399a9bdc	interior paragraphs after character 20000; <=30720 UTF-8 bytes; no Gutenberg boilerplate
09-modern-original.txt	procedures/technical/QA/everyday English	original English authored for JADE Loop 5D	local	JADE experiment authorship 2026	n/a	independent original prose; no repeated templates
