prompt	phase	printable	controls	word_like	token_repetition	immediate_token_repetition	repeated_word_trigrams
the 	before	0.84	0.0	0.5	0.0	0.0	0.0
the 	after	0.9523809523809523	0.047619047619047616	1.0	0.16666666666666666	0.0	0.0
this 	before	0.8695652173913043	0.0	0.3333333333333333	0.0	0.0	0.0
this 	after	1.0	0.0	1.0	0.25	0.0	0.0
what 	before	0.782608695652174	0.08695652173913043	0.3333333333333333	0.0	0.0	0.0
what 	after	0.9565217391304348	0.043478260869565216	1.0	0.08333333333333333	0.0	0.0
why 	before	0.8888888888888888	0.0	0.0	0.08333333333333333	0.09090909090909091	0.0
why 	after	0.9473684210526315	0.05263157894736842	1.0	0.16666666666666666	0.0	0.0
how 	before	0.7	0.15	0.0	0.0	0.0	0.0
how 	after	0.95	0.05	1.0	0.08333333333333333	0.0	0.0
jade 	before	0.8	0.08	0.0	0.0	0.0	0.0
jade 	after	1.0	0.0	1.0	0.4166666666666667	0.0	0.0
the computer 	before	0.9047619047619048	0.0	0.0	0.0	0.0	0.0
the computer 	after	1.0	0.0	1.0	0.3333333333333333	0.0	0.0
once upon 	before	0.8333333333333334	0.0	0.0	0.0	0.0	0.0
once upon 	after	1.0	0.0	1.0	0.4166666666666667	0.0	0.2
because 	before	0.8095238095238095	0.0	0.0	0.0	0.0	0.0
because 	after	1.0	0.0	1.0	0.5	0.0	0.0
if the 	before	0.8636363636363636	0.045454545454545456	0.6666666666666666	0.25	0.0	0.0
if the 	after	1.0	0.0	1.0	0.16666666666666666	0.0	0.0
