path	bytes	codePoints	sha256
01-garden.txt	1868	1868	6e73f03342ffbda6fae87cdff53dcec5f1ee4f314463a1c2346328c06291bc9e
02-library.txt	1861	1861	1e2c72a3b32569d25fed3a88482df0442de1b042bdf6c5bae0444f7c49b2fe3c
03-workshop.txt	1876	1876	2653e8e470764100d55af420c637e8cbb514d90bd2e5dbe089cfc79718002199
04-museum.txt	1874	1874	941e6d9a422ccbef2e740d56438dda23d5d17d75eaabe95a300a043cef07756f
05-kitchen.txt	1871	1871	42d17ef96b1836b469ef94bbaa82d75ad2cbe6e7a7036ce7e7e56b28d686ce31
06-harbor.txt	1870	1870	d00f78e2dab607a60f50de4f3ee324d31410e7f8896f746dba7d1b24938998fd
07-school.txt	1874	1874	d88739df015523f9dc07dcde4c8e536a515ce900c5ec45e7aca64a40cf9b632c
08-station.txt	1877	1877	a038358dc42323965f84306a76fc2f245fb64f20f31e27a612e614eb51b79a7a
09-farm.txt	1858	1858	3ed13c4b8faba5bcaf19c8fb6b59834670f39537152489f521bcec72e0a995f0
10-bakery.txt	1872	1872	7d75588c248acab560c8ad67e598ace1bc05526defab98533303e270bbf57db3
11-market.txt	1868	1868	7881222f86575c068634e66eedbf1af64f68044730ca873ba0c825125fb39507
12-theater.txt	1867	1867	e372d266f4bfab4b22b409b6acad9f11706a28653f5411c17353e77ca3dd683d
13-laboratory.txt	1880	1880	c8451d006630825fb3f677134d20596a54170952c55087fe75f8fcab32feb391
14-office.txt	1868	1868	eed01a21f88946a1de62442bea7d31eda13382067e0db0d664b7397b8824f9ca
15-park.txt	1870	1870	8d589ea42ca07372fe22704173a5dd0c4109fe53e78997eb81e9a1d159628797
16-mill.txt	1866	1866	b6d52206804d3f233d2c3e27c70fb0800fa63ed1d75ada46a9dbd35bbf551dca
17-studio.txt	1878	1878	103678b87775793f0821fa180c217761106eeba70920d8f7ba75f884f509e4ff
18-observatory.txt	1889	1889	dab364a0a212479bfec397b7d0d10e6285fe0f67c37a9c34243d9aed097e5e73
19-clinic.txt	1870	1870	28956246f15a0a4f6907caebe9914039638d2e9c34d0f6f2f990bc35f077b3ba
20-greenhouse.txt	1872	1872	12c3ddc09241acf661a54ae1dcaf505cbc153e01bed67b19afc26188db01f524
