phase	component	p50_ms	p95_ms	minimum_ms	maximum_ms
before	total_ns	24.151479	25.371833	23.879166	41.292167
before	forward_ns	4.095230	4.329333	4.002709	4.804208
before	loss_ns	0.101791	0.113417	0.095875	0.152917
before	backward_ns	4.213002	4.409959	4.147542	7.321254
before	grad_accum_ns	1.466039	1.530335	1.430127	2.651287
before	grad_norm_ns	4.244791	4.565875	4.204291	6.236000
before	adamw_update_ns	9.719375	10.064417	9.573875	20.393667
before	zero_ns	0.253271	0.289292	0.250500	0.592167
before	new_calls	0.000000	0.000000	0.000000	0.000000
before	other_ns	0.000417	0.000875	0.000167	0.001209
after	total_ns	20.534416	22.278624	20.162917	39.000916
after	forward_ns	4.160792	4.654792	4.066375	9.234625
after	loss_ns	0.101522	0.120709	0.096208	0.148083
after	backward_ns	4.269398	4.618210	4.148624	10.404833
after	grad_accum_ns	1.450584	1.524083	1.406418	3.049167
after	grad_norm_ns	1.610750	1.676708	1.550417	2.375125
after	adamw_update_ns	8.659396	9.131500	8.368250	13.130459
after	zero_ns	0.253729	0.276500	0.250875	1.059209
after	new_calls	0.000000	0.000000	0.000000	0.000000
after	other_ns	0.000416	0.001000	0.000167	0.003333
