component	min_ms	median_ms	max_ms
embedding_lookup	0.004199	0.004510	0.034113
rmsnorm	0.011825	0.012925	0.046842
q_projection	0.589796	0.606971	0.642308
k_projection	0.571342	0.587796	0.609283
v_projection	0.576554	0.585625	0.608338
attention_scores	0.072484	0.073621	0.110507
softmax_32	0.000341	0.000344	0.000415
attention_value_aggregation	0.076099	0.076805	0.116012
output_projection	0.567763	0.580292	0.585900
ffn_up	2.116764	2.180153	2.279056
gelu	0.306983	0.313455	0.346614
ffn_down	2.327667	2.374292	2.445736
lm_head	2.097708	2.178278	2.447694
cross_entropy	0.078387	0.081660	0.133787
backward_attention	6.641722	6.727250	7.227806
backward_ffn	12.329000	12.422583	12.671986
backward_embeddings	0.154000	0.172875	0.219304
parameter_copy	2.381528	2.583472	2.935736
gradient_accumulation_two_examples	2.874847	3.196528	3.316972
adamw_with_clip	113.257375	120.348771	126.460813
checkpoint_save_126mb	150.766792	168.789458	198.564958
