component	p50_ms	p95_ms	min_ms	max_ms
total_ns	69.398730	79.370458	66.944541	86.546249
forward_ns	10.842125	12.377333	10.437042	15.790500
loss_ns	0.095854	0.102667	0.093333	0.121292
backward_ns	11.153146	12.818660	10.628118	16.137960
grad_accum_ns	5.356731	5.813673	5.213872	7.707498
grad_norm_ns	6.418667	7.172583	6.178125	7.805209
clip_ns	0.000021	0.000042	0.000000	0.000083
adamw_update_ns	34.483312	38.898167	33.303291	40.663125
zero_ns	0.989042	1.237917	0.965541	1.419833
new_calls	0.000000	0.000000	0.000000	0.000000
